{   
    "vertices" : [1.0, 1.0, -1.0, 1.0, -1.0, -1.0, -1.0, -1.0, -1.0, 1.0, 0.999999, 1.0, -1.0, 1.0, 1.0, -1.0, -1.0, 1.0, 1.0, 1.0, 0.5, 1.0, 0.999999, 1.0, 0.999999, -1.000001, 1.0, 1.0, -1.0, 0.5, 0.999999, -1.000001, 1.0, -1.0, -1.0, 1.0, -1.0, -1.0, 0.5, -1.0, -1.0, 1.0, -1.0, 1.0, 1.0, 1.0, 1.0, -0.5, 1.0, 1.0, -1.0, -1.0, 1.0, -1.0, 1.0, 1.0, -1.0, 1.0, 1.0, -0.5, 1.0, -1.0, -0.5, 1.0, 1.0, -0.5, 1.0, 1.0, 0.0, 1.0, -1.0, 0.0, 1.0, 1.0, 0.0, 1.0, 1.0, 0.5, 1.0, -1.0, 0.5, 1.0, -1.0, -1.0, 1.0, -1.0, -0.5, -1.0, -1.0, -0.5, 1.0, -1.0, -0.5, 1.0, -1.0, 0.0, -1.0, -1.0, 0.0, 1.0, -1.0, 0.0, 1.0, -1.0, 0.5, -1.0, -1.0, 0.5, -1.0, -1.0, -1.0, -1.0, -1.0, -0.5, -1.0, 1.0, -0.5, -1.0, -1.0, -0.5, -1.0, -1.0, 0.0, -1.0, 1.0, 0.0, -1.0, -1.0, 0.0, -1.0, -1.0, 0.5, -1.0, 1.0, 0.5, 1.0, 0.999999, 1.0, 1.0, 1.0, 0.5, -1.0, 1.0, 0.5, 1.0, 1.0, 0.5, 1.0, 1.0, 0.0, -1.0, 1.0, 0.0, 1.0, 1.0, 0.0, 1.0, 1.0, -0.5, -1.0, 1.0, -0.5, -1.0, 1.0, -1.0, 1.0, 1.0, -1.0, -1.0, -1.0, -1.0, 0.999999, -1.000001, 1.0, 1.0, 0.999999, 1.0, -1.0, -1.0, 1.0, 1.0, -1.0, 0.5, 1.0, 1.0, 0.5, 0.999999, -1.000001, 1.0, -1.0, -1.0, 0.5, 1.0, -1.0, 0.5, -1.0, -1.0, 1.0, -1.0, 1.0, 0.5, -1.0, -1.0, 0.5, -1.0, 1.0, 1.0, -1.0, 1.0, -0.5, 1.0, 1.0, -0.5, -1.0, 1.0, -1.0, 1.0, -1.0, -1.0, 1.0, 1.0, -1.0, 1.0, -1.0, -0.5, 1.0, -1.0, -0.5, 1.0, 1.0, -0.5, 1.0, -1.0, 0.0, 1.0, -1.0, 0.0, 1.0, 1.0, 0.0, 1.0, -1.0, 0.5, -1.0, -1.0, -1.0, 1.0, -1.0, -1.0, -1.0, -1.0, -0.5, -1.0, -1.0, -0.5, 1.0, -1.0, -0.5, -1.0, -1.0, 0.0, -1.0, -1.0, 0.0, 1.0, -1.0, 0.0, -1.0, -1.0, 0.5, -1.0, 1.0, -1.0, -1.0, -1.0, -1.0, -1.0, 1.0, -0.5, -1.0, 1.0, -0.5, -1.0, -1.0, -0.5, -1.0, 1.0, 0.0, -1.0, 1.0, 0.0, -1.0, -1.0, 0.0, -1.0, 1.0, 0.5, -1.0, 1.0, 1.0, 1.0, 0.999999, 1.0, -1.0, 1.0, 0.5, -1.0, 1.0, 0.5, 1.0, 1.0, 0.5, -1.0, 1.0, 0.0, -1.0, 1.0, 0.0, 1.0, 1.0, 0.0, -1.0, 1.0, -0.5],

    "normals" : [0.577349, 0.577349, -0.577349, 0.577349, -0.577349, -0.577349, -0.577349, -0.577349, -0.577349, 0.577349, 0.577349, 0.577349, -0.577349, 0.577349, 0.577349, -0.577349, -0.577349, 0.577349, 0.707083, 0.707083, 0.0, 0.577349, 0.577349, 0.577349, 0.577349, -0.577349, 0.577349, 0.707083, -0.707083, 0.0, 0.577349, -0.577349, 0.577349, -0.577349, -0.577349, 0.577349, -0.707083, -0.707083, 0.0, -0.577349, -0.577349, 0.577349, -0.577349, 0.577349, 0.577349, 0.707083, 0.707083, 0.0, 0.577349, 0.577349, -0.577349, -0.577349, 0.577349, -0.577349, 0.577349, 0.577349, -0.577349, 0.707083, 0.707083, 0.0, 0.707083, -0.707083, 0.0, 0.707083, 0.707083, 0.0, 0.707083, 0.707083, 0.0, 0.707083, -0.707083, 0.0, 0.707083, 0.707083, 0.0, 0.707083, 0.707083, 0.0, 0.707083, -0.707083, 0.0, 0.577349, -0.577349, -0.577349, 0.707083, -0.707083, 0.0, -0.707083, -0.707083, 0.0, 0.707083, -0.707083, 0.0, 0.707083, -0.707083, 0.0, -0.707083, -0.707083, 0.0, 0.707083, -0.707083, 0.0, 0.707083, -0.707083, 0.0, -0.707083, -0.707083, 0.0, -0.577349, -0.577349, -0.577349, -0.707083, -0.707083, 0.0, -0.707083, 0.707083, 0.0, -0.707083, -0.707083, 0.0, -0.707083, -0.707083, 0.0, -0.707083, 0.707083, 0.0, -0.707083, -0.707083, 0.0, -0.707083, -0.707083, 0.0, -0.707083, 0.707083, 0.0, 0.577349, 0.577349, 0.577349, 0.707083, 0.707083, 0.0, -0.707083, 0.707083, 0.0, 0.707083, 0.707083, 0.0, 0.707083, 0.707083, 0.0, -0.707083, 0.707083, 0.0, 0.707083, 0.707083, 0.0, 0.707083, 0.707083, 0.0, -0.707083, 0.707083, 0.0, -0.577349, 0.577349, -0.577349, 0.577349, 0.577349, -0.577349, -0.577349, -0.577349, -0.577349, 0.577349, -0.577349, 0.577349, 0.577349, 0.577349, 0.577349, -0.577349, -0.577349, 0.577349, 0.707083, -0.707083, 0.0, 0.707083, 0.707083, 0.0, 0.577349, -0.577349, 0.577349, -0.707083, -0.707083, 0.0, 0.707083, -0.707083, 0.0, -0.577349, -0.577349, 0.577349, -0.707083, 0.707083, 0.0, -0.707083, -0.707083, 0.0, -0.577349, 0.577349, 0.577349, -0.707083, 0.707083, 0.0, 0.707083, 0.707083, 0.0, -0.577349, 0.577349, -0.577349, 0.577349, -0.577349, -0.577349, 0.577349, 0.577349, -0.577349, 0.707083, -0.707083, 0.0, 0.707083, -0.707083, 0.0, 0.707083, 0.707083, 0.0, 0.707083, -0.707083, 0.0, 0.707083, -0.707083, 0.0, 0.707083, 0.707083, 0.0, 0.707083, -0.707083, 0.0, -0.577349, -0.577349, -0.577349, 0.577349, -0.577349, -0.577349, -0.707083, -0.707083, 0.0, -0.707083, -0.707083, 0.0, 0.707083, -0.707083, 0.0, -0.707083, -0.707083, 0.0, -0.707083, -0.707083, 0.0, 0.707083, -0.707083, 0.0, -0.707083, -0.707083, 0.0, -0.577349, 0.577349, -0.577349, -0.577349, -0.577349, -0.577349, -0.707083, 0.707083, 0.0, -0.707083, 0.707083, 0.0, -0.707083, -0.707083, 0.0, -0.707083, 0.707083, 0.0, -0.707083, 0.707083, 0.0, -0.707083, -0.707083, 0.0, -0.707083, 0.707083, 0.0, -0.577349, 0.577349, 0.577349, 0.577349, 0.577349, 0.577349, -0.707083, 0.707083, 0.0, -0.707083, 0.707083, 0.0, 0.707083, 0.707083, 0.0, -0.707083, 0.707083, 0.0, -0.707083, 0.707083, 0.0, 0.707083, 0.707083, 0.0, -0.707083, 0.707083, 0.0],

    "colors" : [],

    "uvs" : [0.0, 0.0, 1.0, 0.0, 1.0, 1.0, 0.0, 0.0, 1.0, 0.0, 1.0, 1.0, 0.999653, 0.75, 0.999653, 1.0, 0.000418, 1.0, 0.000418, 0.75, 0.000418, 1.0, -0.998816, 1.0, 2.998123, 0.75, 2.998122, 1.0, 1.998888, 1.0, 0.999653, 0.25, 0.999653, 0.0, 1.998887, 0.0, 0.999653, 0.0, 0.999653, 0.25, 0.000418, 0.25, 0.999653, 0.25, 0.999653, 0.5, 0.000418, 0.5, 0.999653, 0.5, 0.999653, 0.75, 0.000418, 0.75, 0.000418, 0.0, 0.000418, 0.25, -0.998816, 0.25, 0.000418, 0.25, 0.000418, 0.5, -0.998816, 0.5, 0.000418, 0.5, 0.000418, 0.75, -0.998816, 0.75, 2.998123, 0.0, 2.998123, 0.25, 1.998887, 0.25, 2.998123, 0.25, 2.998123, 0.5, 1.998888, 0.5, 2.998123, 0.5, 2.998123, 0.75, 1.998888, 0.75, 0.999653, 1.0, 0.999653, 0.75, 1.998888, 0.75, 0.999653, 0.75, 0.999653, 0.5, 1.998888, 0.5, 0.999653, 0.5, 0.999653, 0.25, 1.998887, 0.25, 0.0, 1.0, 0.0, 0.0, 1.0, 1.0, 0.0, 1.0, 0.0, 0.0, 1.0, 1.0, 0.000418, 0.75, 0.999653, 0.75, 0.000418, 1.0, -0.998816, 0.75, 0.000418, 0.75, -0.998816, 1.0, 1.998888, 0.75, 2.998123, 0.75, 1.998888, 1.0, 1.998887, 0.25, 0.999653, 0.25, 1.998887, 0.0, 0.000418, 0.0, 0.999653, 0.0, 0.000418, 0.25, 0.000418, 0.25, 0.999653, 0.25, 0.000418, 0.5, 0.000418, 0.5, 0.999653, 0.5, 0.000418, 0.75, -0.998816, 0.0, 0.000418, 0.0, -0.998816, 0.25, -0.998816, 0.25, 0.000418, 0.25, -0.998816, 0.5, -0.998816, 0.5, 0.000418, 0.5, -0.998816, 0.75, 1.998887, 0.0, 2.998123, 0.0, 1.998887, 0.25, 1.998887, 0.25, 2.998123, 0.25, 1.998888, 0.5, 1.998888, 0.5, 2.998123, 0.5, 1.998888, 0.75, 1.998888, 1.0, 0.999653, 1.0, 1.998888, 0.75, 1.998888, 0.75, 0.999653, 0.75, 1.998888, 0.5, 1.998888, 0.5, 0.999653, 0.5, 1.998887, 0.25],

    "faces" : [0, 1, 2, 3, 4, 5, 6, 7, 8, 9, 10, 11, 12, 13, 14, 15, 16, 17, 18, 19, 20, 21, 22, 23, 24, 25, 26, 27, 28, 29, 30, 31, 32, 33, 34, 35, 36, 37, 38, 39, 40, 41, 42, 43, 44, 45, 46, 47, 48, 49, 50, 51, 52, 53, 54, 55, 56, 57, 58, 59, 60, 61, 62, 63, 64, 65, 66, 67, 68, 69, 70, 71, 72, 73, 74, 75, 76, 77, 78, 79, 80, 81, 82, 83, 84, 85, 86, 87, 88, 89, 90, 91, 92, 93, 94, 95, 96, 97, 98, 99, 100, 101, 102, 103, 104, 105, 106, 107],

    "bones" : [[ -1, "bottom", 0,0,0, 0,0,0,1, 1,1,1 ],[ 0, "top", 0,0,1, 0,0,0,1, 1,1,1 ]],

    "boneWeights" : [1,0,1,0,1,0,1,0,1,0,1,0,1,0,1,0,1,0,1,0,1,0,1,0,1,0,1,0,1,0,1,0,1,0,1,0,1,0,1,0,1,0,1,0,1,1,1,1,1,1,1,0,1,0,1,0,1,0,1,0,1,0,1,1,1,1,1,1,1,0,1,0,1,0,1,0,1,0,1,0,1,1,1,1,1,1,1,0,1,0,1,0,1,0,1,0,1,0,1,1,1,1,1,1,1,0,1,0,1,0,1,0,1,0,1,0,1,0,1,0,1,0,1,0,1,0,1,0,1,0,1,0,1,0,1,0,1,0,1,0,1,0,1,0,1,0,1,0,1,0,1,0,1,0,1,1,1,1,1,1,1,0,1,0,1,0,1,0,1,0,1,0,1,1,1,1,1,1,1,0,1,0,1,0,1,0,1,0,1,0,1,1,1,1,1,1,1,0,1,0,1,0,1,0,1,0,1,0,1,1,1,1,1,1,1,0],

    "boneIndices" : [0,0,0,0,0,0,1,0,1,0,1,0,1,0,1,0,1,0,1,0,1,0,1,0,1,0,1,0,1,0,0,0,0,0,0,0,0,0,0,0,0,0,0,0,0,1,0,1,0,1,1,0,1,0,0,0,0,0,0,0,0,0,0,1,0,1,0,1,1,0,1,0,0,0,0,0,0,0,0,0,0,1,0,1,0,1,1,0,1,0,1,0,1,0,1,0,1,0,0,1,0,1,0,1,0,0,0,0,0,0,0,0,0,0,1,0,1,0,1,0,1,0,1,0,1,0,1,0,1,0,1,0,1,0,1,0,1,0,0,0,0,0,0,0,0,0,0,0,0,0,0,0,0,0,0,1,0,1,0,1,1,0,0,0,0,0,0,0,0,0,0,0,0,1,0,1,0,1,1,0,0,0,0,0,0,0,0,0,0,0,0,1,0,1,0,1,1,0,1,0,1,0,1,0,1,0,1,0,0,1,0,1,0,1,0,0],